{
  "createdAt": "2026-06-12T19:34:42.964Z",
  "trigger": {
    "ok": true,
    "accepted": true,
    "mark": {
      "x": 27.36739234079442,
      "y": 6.973946242124493,
      "z": -1575.733563036227
    },
    "player": {
      "x": 27.36739234079442,
      "z": -1395.733563036227
    }
  },
  "bomber": null
}
