{
  "createdAt": "2026-06-12T19:16:49.480Z",
  "mode": "open_frontier",
  "sightings": [
    {
      "species": "wildboar",
      "x": 216.0603321731344,
      "y": 7.3754472732543945,
      "z": -1418.7889578051972
    },
    {
      "species": "tiger",
      "x": -72.8042323487327,
      "y": 6.3068413352666735,
      "z": -1217.997356759021
    },
    {
      "species": "waterbuffalo",
      "x": -183.7366485614831,
      "y": 3.6215668891042547,
      "z": -1372.1731169259265
    },
    {
      "species": "macaque",
      "x": 146.02138220894727,
      "y": 8.687235917077674,
      "z": -1236.2191757976016
    }
  ]
}
