{
  "label": "baseline",
  "durationSec": 30,
  "skipSec": 2,
  "vsMin": -119.99994563921042,
  "vsMax": 68.39906975170983,
  "vsPeakToPeak": 188.39901539092025,
  "vsMean": 8.674973070786839,
  "vsRms": 62.8521666981578,
  "altStart": 99.9998064943525,
  "altEnd": 345.11644925913436,
  "altMin": 102.28844736066105,
  "altMax": 994.4335647971365,
  "altPeakToPeak": 892.1451174364754
}