{
  "label": "after",
  "durationSec": 2,
  "peakPitchDeg": 32.876972323960516,
  "timeTo10DegSec": 0.6333333333333333,
  "finalPitchDeg": 32.876972323960516,
  "vyAtEnd": 16.726401112720005
}