{
  "label": "baseline",
  "durationSec": 2,
  "peakPitchDeg": 31.93003037545563,
  "timeTo10DegSec": 0.6333333333333333,
  "finalPitchDeg": 31.78874098391891,
  "vyAtEnd": 16.455993563199435
}