{
  "label": "after",
  "durationSec": 30,
  "skipSec": 2,
  "vsMin": 4.274645013559806,
  "vsMax": 89.74355518393975,
  "vsPeakToPeak": 85.46891017037994,
  "vsMean": 63.79970740540564,
  "vsRms": 25.165010474748488,
  "altStart": 99.9998064943525,
  "altEnd": 1888.6090106284576,
  "altMin": 102.28844736066105,
  "altMax": 1888.6090106284576,
  "altPeakToPeak": 1786.3205632677964
}