{
  "generator": "scripts/bake-vegetation-impostor.mjs",
  "generatedAt": "2026-06-29T19:41:42.135Z",
  "modelUrl": "/assets/vegetation/coconut-palm/coconut-palm.glb",
  "columns": 8,
  "rows": 3,
  "tileSize": [
    256,
    256
  ],
  "atlasSize": [
    2048,
    768
  ],
  "projection": "octahedral-upper-hemisphere",
  "elevationRowsDeg": [
    14,
    43,
    72
  ],
  "bounds": {
    "center": [
      0,
      13.539649963378906,
      0
    ],
    "size": [
      12.752389907836914,
      27.079299926757812,
      12.15804386138916
    ],
    "radius": 16.153404930697036
  }
}
